[
  {
    "id": 31,
    "event": "webhook.test",
    "transaction_id": null,
    "amount": null,
    "phone": null,
    "reference": null,
    "message": "This is a test webhook from Lipana",
    "timestamp": "2025-12-01T19:42:31.348Z",
    "created_at": "2025-12-01T19:42:31.756Z"
  },
  {
    "id": 30,
    "event": "webhook.test",
    "transaction_id": null,
    "amount": null,
    "phone": null,
    "reference": null,
    "message": "This is a test webhook from Lipana",
    "timestamp": "2025-12-01T19:42:25.634Z",
    "created_at": "2025-12-01T19:42:25.892Z"
  },
  {
    "id": 29,
    "event": "webhook.test",
    "transaction_id": null,
    "amount": null,
    "phone": null,
    "reference": null,
    "message": "This is a test webhook from Lipana",
    "timestamp": "2025-12-01T19:42:23.457Z",
    "created_at": "2025-12-01T19:42:23.985Z"
  },
  {
    "id": 28,
    "event": "webhook.test",
    "transaction_id": null,
    "amount": null,
    "phone": null,
    "reference": null,
    "message": "This is a test webhook from Lipana",
    "timestamp": "2025-12-01T19:42:19.670Z",
    "created_at": "2025-12-01T19:42:21.301Z"
  },
  {
    "id": 27,
    "event": "webhook.test",
    "transaction_id": null,
    "amount": null,
    "phone": null,
    "reference": null,
    "message": "This is a test webhook from Lipana",
    "timestamp": "2025-12-01T19:41:13.247Z",
    "created_at": "2025-12-01T19:41:13.535Z"
  },
  {
    "id": 26,
    "event": "webhook.test",
    "transaction_id": null,
    "amount": null,
    "phone": null,
    "reference": null,
    "message": "This is a test webhook from Lipana",
    "timestamp": "2025-12-01T19:41:11.140Z",
    "created_at": "2025-12-01T19:41:11.397Z"
  },
  {
    "id": 25,
    "event": "webhook.test",
    "transaction_id": null,
    "amount": null,
    "phone": null,
    "reference": null,
    "message": "This is a test webhook from Lipana",
    "timestamp": "2025-12-01T19:41:09.237Z",
    "created_at": "2025-12-01T19:41:09.498Z"
  },
  {
    "id": 24,
    "event": "webhook.test",
    "transaction_id": null,
    "amount": null,
    "phone": null,
    "reference": null,
    "message": "This is a test webhook from Lipana",
    "timestamp": "2025-12-01T19:41:07.473Z",
    "created_at": "2025-12-01T19:41:07.734Z"
  },
  {
    "id": 23,
    "event": "webhook.test",
    "transaction_id": null,
    "amount": null,
    "phone": null,
    "reference": null,
    "message": "This is a test webhook from Lipana",
    "timestamp": "2025-12-01T19:41:05.754Z",
    "created_at": "2025-12-01T19:41:06.017Z"
  },
  {
    "id": 22,
    "event": "webhook.test",
    "transaction_id": null,
    "amount": null,
    "phone": null,
    "reference": null,
    "message": "This is a test webhook from Lipana",
    "timestamp": "2025-12-01T19:41:04.034Z",
    "created_at": "2025-12-01T19:41:04.294Z"
  },
  {
    "id": 21,
    "event": "webhook.test",
    "transaction_id": null,
    "amount": null,
    "phone": null,
    "reference": null,
    "message": "This is a test webhook from Lipana",
    "timestamp": "2025-12-01T19:41:01.367Z",
    "created_at": "2025-12-01T19:41:01.626Z"
  },
  {
    "id": 20,
    "event": "webhook.test",
    "transaction_id": null,
    "amount": null,
    "phone": null,
    "reference": null,
    "message": "This is a test webhook from Lipana",
    "timestamp": "2025-12-01T19:40:59.559Z",
    "created_at": "2025-12-01T19:40:59.818Z"
  },
  {
    "id": 19,
    "event": "webhook.test",
    "transaction_id": null,
    "amount": null,
    "phone": null,
    "reference": null,
    "message": "This is a test webhook from Lipana",
    "timestamp": "2025-12-01T19:40:57.571Z",
    "created_at": "2025-12-01T19:40:58.024Z"
  },
  {
    "id": 18,
    "event": "webhook.test",
    "transaction_id": null,
    "amount": null,
    "phone": null,
    "reference": null,
    "message": "This is a test webhook from Lipana",
    "timestamp": "2025-12-01T19:40:51.677Z",
    "created_at": "2025-12-01T19:40:51.939Z"
  },
  {
    "id": 17,
    "event": "webhook.test",
    "transaction_id": null,
    "amount": null,
    "phone": null,
    "reference": null,
    "message": "This is a test webhook from Lipana",
    "timestamp": "2025-12-01T19:40:46.357Z",
    "created_at": "2025-12-01T19:40:48.492Z"
  },
  {
    "id": 1,
    "event": "webhook.test",
    "transaction_id": null,
    "amount": null,
    "phone": null,
    "reference": null,
    "message": null,
    "timestamp": "2025-12-01T18:58:42.132Z",
    "created_at": "2025-12-01T19:30:50.480Z"
  },
  {
    "id": 16,
    "event": "webhook.test",
    "transaction_id": null,
    "amount": null,
    "phone": null,
    "reference": null,
    "message": "This is a test webhook from Lipana",
    "timestamp": "2025-12-01T19:07:16.432Z",
    "created_at": "2025-12-01T19:30:50.480Z"
  },
  {
    "id": 2,
    "event": "webhook.test",
    "transaction_id": null,
    "amount": null,
    "phone": null,
    "reference": null,
    "message": null,
    "timestamp": "2025-12-01T18:58:46.464Z",
    "created_at": "2025-12-01T19:30:50.480Z"
  },
  {
    "id": 3,
    "event": "webhook.test",
    "transaction_id": null,
    "amount": null,
    "phone": null,
    "reference": null,
    "message": null,
    "timestamp": "2025-12-01T18:58:48.363Z",
    "created_at": "2025-12-01T19:30:50.480Z"
  },
  {
    "id": 4,
    "event": "webhook.test",
    "transaction_id": null,
    "amount": null,
    "phone": null,
    "reference": null,
    "message": null,
    "timestamp": "2025-12-01T18:58:51.447Z",
    "created_at": "2025-12-01T19:30:50.480Z"
  },
  {
    "id": 5,
    "event": "webhook.test",
    "transaction_id": null,
    "amount": null,
    "phone": null,
    "reference": null,
    "message": null,
    "timestamp": "2025-12-01T18:58:53.272Z",
    "created_at": "2025-12-01T19:30:50.480Z"
  },
  {
    "id": 6,
    "event": "webhook.test",
    "transaction_id": null,
    "amount": null,
    "phone": null,
    "reference": null,
    "message": null,
    "timestamp": "2025-12-01T18:58:55.550Z",
    "created_at": "2025-12-01T19:30:50.480Z"
  },
  {
    "id": 7,
    "event": "webhook.test",
    "transaction_id": null,
    "amount": null,
    "phone": null,
    "reference": null,
    "message": null,
    "timestamp": "2025-12-01T18:58:57.362Z",
    "created_at": "2025-12-01T19:30:50.480Z"
  },
  {
    "id": 8,
    "event": "webhook.test",
    "transaction_id": null,
    "amount": null,
    "phone": null,
    "reference": null,
    "message": "This is a test webhook from Lipana",
    "timestamp": "2025-12-01T19:06:58.846Z",
    "created_at": "2025-12-01T19:30:50.480Z"
  },
  {
    "id": 9,
    "event": "webhook.test",
    "transaction_id": null,
    "amount": null,
    "phone": null,
    "reference": null,
    "message": "This is a test webhook from Lipana",
    "timestamp": "2025-12-01T19:07:02.856Z",
    "created_at": "2025-12-01T19:30:50.480Z"
  },
  {
    "id": 10,
    "event": "webhook.test",
    "transaction_id": null,
    "amount": null,
    "phone": null,
    "reference": null,
    "message": "This is a test webhook from Lipana",
    "timestamp": "2025-12-01T19:07:04.553Z",
    "created_at": "2025-12-01T19:30:50.480Z"
  },
  {
    "id": 11,
    "event": "webhook.test",
    "transaction_id": null,
    "amount": null,
    "phone": null,
    "reference": null,
    "message": "This is a test webhook from Lipana",
    "timestamp": "2025-12-01T19:07:06.241Z",
    "created_at": "2025-12-01T19:30:50.480Z"
  },
  {
    "id": 12,
    "event": "webhook.test",
    "transaction_id": null,
    "amount": null,
    "phone": null,
    "reference": null,
    "message": "This is a test webhook from Lipana",
    "timestamp": "2025-12-01T19:07:08.152Z",
    "created_at": "2025-12-01T19:30:50.480Z"
  },
  {
    "id": 13,
    "event": "webhook.test",
    "transaction_id": null,
    "amount": null,
    "phone": null,
    "reference": null,
    "message": "This is a test webhook from Lipana",
    "timestamp": "2025-12-01T19:07:09.764Z",
    "created_at": "2025-12-01T19:30:50.480Z"
  },
  {
    "id": 14,
    "event": "webhook.test",
    "transaction_id": null,
    "amount": null,
    "phone": null,
    "reference": null,
    "message": "This is a test webhook from Lipana",
    "timestamp": "2025-12-01T19:07:12.546Z",
    "created_at": "2025-12-01T19:30:50.480Z"
  },
  {
    "id": 15,
    "event": "webhook.test",
    "transaction_id": null,
    "amount": null,
    "phone": null,
    "reference": null,
    "message": "This is a test webhook from Lipana",
    "timestamp": "2025-12-01T19:07:14.567Z",
    "created_at": "2025-12-01T19:30:50.480Z"
  }
]